rgn_id,year,trend
1,2013,0.5859500000000114
1,2014,0.5859500000000114
1,2015,0.5859500000000114
1,2016,0.5859500000000114
1,2017,0.5859500000000114
2,2013,0.03964725000000066
2,2014,0.03964725000000066
2,2015,0.03964725000000066
2,2016,0.03964725000000066
2,2017,0.03964725000000066
3,2013,0.22230000000000402
3,2014,0.22230000000000402
3,2015,0.22230000000000402
3,2016,0.22230000000000402
3,2017,0.22230000000000402
4,2013,1.2297292499999974
4,2014,1.2297292499999974
4,2015,1.2297292499999974
4,2016,1.2297292499999974
4,2017,1.2297292499999974
5,2013,0.03955864999999989
5,2014,0.03955864999999989
5,2015,0.03955864999999989
5,2016,0.03955864999999989
5,2017,0.03955864999999989
6,2013,NA
6,2014,NA
6,2015,NA
6,2016,NA
6,2017,NA
7,2013,0.27423380000000686
7,2014,0.27423380000000686
7,2015,0.27423380000000686
7,2016,0.27423380000000686
7,2017,0.27423380000000686
8,2013,NA
8,2014,NA
8,2015,NA
8,2016,NA
8,2017,NA
