rgn_id,score
1,89.72333333333334
2,92.07868852459016
3,90.0025
4,89.11632653061224
5,89.50555555555555
6,91.52372881355933
7,86.4811320754717
8,88.33500000000001
