rgn_id,score
1,0.6774193548387096
2,0.6774193548387096
3,0.6774193548387096
4,0.6774193548387096
5,0.6774193548387096
7,0.6774193548387096
8,0.6774193548387096
9,0.6774193548387096
