rgn_id,score
1,0.7419354838709677
2,0.7419354838709677
3,0.7419354838709677
4,0.7419354838709677
5,0.7419354838709677
7,0.9354838709677419
8,0.7419354838709677
9,0.7419354838709677
