rgn_id,score
1,0.9032258064516129
2,1
3,0.9032258064516129
4,1
5,1
7,1
8,0.9032258064516129
9,1
