rgn_id,score
1,0.013475000000000353
2,-0.007673333333336687
3,0.022566233766233994
4,0.021073333333333742
5,0.002000000000000106
7,0.051841000000001136
8,0.019342857142857623
9,0.01844600000000032
