rgn_id,score
1,0.003417749999999306
2,9.153846153846012e-4
3,0.0035845833333318367
4,-0.0029137500000006155
5,0.00393166666666574
7,-0.005958166666666821
8,0.00884374999999931
9,-0.003494750000001199
