rgn_id,score
1,0.8709677419354839
2,0.9354838709677419
3,0.9354838709677419
4,0.9354838709677419
5,0.9354838709677419
7,0.9354838709677419
8,0.9354838709677419
9,0.9354838709677419
