rgn_id,score
1,0.012225000000000246
2,0.014383333333335123
3,0.00619233766233793
4,0.0117666666666669
5,0.008600000000000215
7,0.013250000000000393
8,0.014433333333333626
9,0.011193333333333597
