rgn_id,habitat,extent_rank
1,mangrove,904.2625142857142
1,seagrass,963.0000000000001
2,mangrove,1039.1719428571428
2,seagrass,1216.44
4,mangrove,496.95677142857147
4,seagrass,236.70000000000002
5,mangrove,425.4214142857143
5,seagrass,40.11
6,seagrass,75.9
7,mangrove,309.41995714285713
7,seagrass,302.85
