rgn_id,pressure_score
1,0.634159173648547
2,0.634159173648547
3,0.634159173648547
4,0.634159173648547
5,0.634159173648547
6,0.634159173648547
7,0.634159173648547
8,0.634159173648547
