rgn_id,value
1,0.317230238896833
2,0.317230238896833
3,0.317230238896833
4,0.317230238896833
5,0.317230238896833
6,0.317230238896833
7,0.317230238896833
8,0.317230238896833
