rgn_id,resilience.score
1,0.791666666666667
2,0.791666666666667
3,0.791666666666667
4,0.791666666666667
5,0.791666666666667
6,0.791666666666667
7,0.791666666666667
8,0.791666666666667
