rgn_id,resilience.score
1,0.833333333333333
2,0.833333333333333
3,0.833333333333333
4,0.833333333333333
5,0.833333333333333
6,0.833333333333333
7,0.833333333333333
8,0.833333333333333
