rgn_id,habitat,year,trend
1,coral,2012,0.0148389229099957
2,coral,2012,0.0148389229099957
3,coral,2012,0.0148389229099957
4,coral,2012,0.0148389229099957
5,coral,2012,0.0148389229099957
6,coral,2012,0.0148389229099957
7,coral,2012,0.0148389229099957
8,coral,2012,0.0148389229099957
