rgn_id,year,pressure_score
1,2015,0.06148208469055374
2,2015,0.06107491856677525
3,2015,0.248371335504886
4,2015,0
5,2015,0.2687296416938111
7,2015,0.012214983713355042
8,2015,0.9389250814332247
9,2015,0.16286644951140067
