rgn_id,year,pressure_score
1,2016,0.1440451021846371
2,2016,0.3768851303735024
3,2016,0.6467935165609584
4,2016,0.4630021141649049
5,2016,0
7,2016,0.3195207892882312
8,2016,0.6414376321353066
9,2016,0.8765327695560253
