rgn_id,score
1,-0.18181818181818182
2,-0.18181818181818182
3,-0.18181818181818182
4,-0.18181818181818182
5,-0.18181818181818182
7,-0.18181818181818182
8,-0.18181818181818182
9,-0.18181818181818182
