rgn_id,score
1,38.699690402476776
2,38.699690402476776
3,38.699690402476776
4,38.699690402476776
5,38.699690402476776
6,38.699690402476776
7,38.699690402476776
8,38.699690402476776
