rgn_id,resilience.score
1,0.478011303936
2,0.478011303936
3,0.478011303936
4,0.478011303936
5,0.478011303936
6,0.478011303936
7,0.478011303936
8,0.478011303936
