rgn_id,score
1,0.6234026840000084
3,0.6234026840000084
5,0.6234026840000084
7,0.6234026840000084
8,0.6234026840000084
9,0.6234026840000084
