rgn_id,score
1,48.41419552872877
2,16.02562549409979
4,89.18782704326965
5,47.455945965962734
6,1.427804467153555
7,33.707521498061276
