rgn_id,score
1,0.6234026840000084
2,0.6234026840000084
4,0.6234026840000084
5,0.6234026840000084
6,0.6234026840000084
7,0.6234026840000084
