rgn_id,score
1,49.81836705331898
3,21.367500658799717
5,44.94336199741504
7,16.96086689560906
8,42.5055665033041
9,64.55226070497169
