rgn_id,km2
1,1.9396875
2,1.9396875
3,1.9396875
4,1.9396875
5,1.9396875
6,1.9396875
7,1.9396875
8,1.9396875
