rgn_id,score
1,0.183314341914282
2,0.183314341914282
3,0.183314341914282
4,0.183314341914282
5,0.183314341914282
6,0.183314341914282
7,0.183314341914282
8,0.183314341914282
