rgn_id,score
1,0.450844831734265
2,0.450844831734265
3,0.450844831734265
4,0.450844831734265
5,0.450844831734265
6,0.450844831734265
7,0.450844831734265
8,0.450844831734265
