rgn_id,year,pressure_score
1,2015,0.0672001149948492
2,2015,0.029108071200977453
3,2015,0.032462087635657985
4,2015,0.00467166574830502
5,2015,0.0818140437459572
7,2015,0
8,2015,0.0310246520207949
9,2015,0.058096356100716326
