rgn_id,year,pressure_score
1,2012,0.05454545454545446
2,2012,0.03896103896103886
4,2012,0
5,2012,0.27272727272727276
6,2012,0.05454545454545446
7,2012,0.6363636363636366
8,2012,1
