rgn_id,year,pressure_score
1,2015,0.809049490798654
2,2015,0.9810166160449867
3,2015,0.04744888843511458
4,2015,0.1147043058781407
5,2015,0.0883062354832855
7,2015,0.3607512953367916
8,2015,0.02754026391690682
9,2015,0.1561997498659857
