rgn_id,year,pressure_score
1,2015,0.02513708689890777
2,2015,0.016758057932605187
3,2015,0.02513708689890777
4,2015,0
5,2015,0.07541126069672331
7,2015,0
8,2015,0.008379028966302583
9,2015,0.037705630348361656
