rgn_id,year,pressure_score
1,2009,0.11619047619047619
2,2009,0
4,2009,0.2
5,2009,1
6,2009,0.5657142857142856
7,2009,0.9542857142857143
1,2010,0.11619047619047619
2,2010,0
4,2010,0.2
5,2010,1
6,2010,0.5657142857142856
7,2010,0.9542857142857143
