rgn_id,year,pressure_score
1,2015,0.8662271142109852
2,2015,0.8208369659982563
3,2015,0.8544027898866609
4,2015,0.8116826503923279
5,2015,0.8513513513513513
7,2015,0.5954119442022667
8,2015,0.8269398430688754
9,2015,0.8315170008718394
