rgn_id,year,pressure_score
1,2015,0.581915657245397
2,2015,0.009152086137281702
3,2015,0.37122027815163366
4,2015,0.21536563481381707
5,2015,0.30151039330043
7,2015,0.16960969044414742
8,2015,0.5762513619175735
9,2015,0.2727187079407762
