rgn_id,year,pressure_score
1,2015,0.0019559032716927453
2,2015,0.1217905405407108
3,2015,0.0019559032716927453
4,2015,0.055579658605974705
5,2015,0.0019559032716927453
7,2015,0.028675608396445174
8,2015,0.0019559032716927453
9,2015,0.01589094357514295
