rgn_id,year,pressure_score
1,2009,0.5
2,2009,0.6888888888888889
3,2009,1
4,2009,0.4666666666666666
5,2009,0.4666666666666666
6,2009,0
7,2009,0.3333333333333332
8,2009,0.9333333333333332
1,2010,0.5
2,2010,0.6888888888888889
3,2010,1
4,2010,0.4666666666666666
5,2010,0.4666666666666666
6,2010,0
7,2010,0.3333333333333332
8,2010,0.9333333333333332
