rgn_id,year,pressure_score
1,2015,0.05754716981131973
2,2015,0.0037735849056599637
3,2015,0.05245283018867903
4,2015,0.09433962264150915
5,2015,0.0660377358490559
7,2015,0.029245283018867484
8,2015,-0
9,2015,0.0037735849056599637
