rgn_id,year,pressure_score
1,2009,0.5570066451182981
2,2009,0.3947897788489683
3,2009,0.1214493457641263
4,2009,0
5,2009,0.5628670540390736
6,2009,0.6387596609557263
7,2009,1
8,2009,0.38084561777179904
1,2010,0.5570066451182981
2,2010,0.3947897788489683
3,2010,0.1214493457641263
4,2010,0
5,2010,0.5628670540390736
6,2010,0.6387596609557263
7,2010,1
8,2010,0.38084561777179904
