rgn_id,year,pressure_score
2,2009,0.020408163265306124
6,2009,0.020408163265306124
8,2009,0
2,2010,0.020408163265306124
6,2010,0.020408163265306124
8,2010,0
2,2011,1
