rgn_id,year,pressure_score
1,2015,0.570040107283544
2,2015,0.570040107283544
3,2015,0.570040107283544
4,2015,0.570040107283544
5,2015,0.570040107283544
6,2015,0.570040107283544
7,2015,0.570040107283544
8,2015,0.570040107283544
