rgn_id,year,pressure_score
2,2009,0.029574852757890787
5,2009,0
2,2010,0.029574852757890787
5,2010,0
1,2015,0.10367135414829814
2,2015,0.2033521493588289
3,2015,0.31716215385932583
4,2015,1
5,2015,0.25793925149792907
6,2015,0.2394182314710503
7,2015,0.08537214274449577
8,2015,0.5571590840279825
