rgn_id,year,pressure_score
1,2015,0.2442693409742123
2,2015,0.19269340974212068
3,2015,0.18457497612225465
4,2015,1
5,2015,0.38037249283667685
6,2015,0.04011461318051643
7,2015,0.38037249283667685
8,2015,0
