rgn_id,area_km2
1,598.0221043672
2,268.0813520237
3,643.8348808054
4,226.9975976337
5,656.9841818395
7,909.3998055647
8,1184.0009738477
9,96.5405621792
