rgn_id,area_km2
1,5947885.10452
2,5947885.10452
3,5947885.10452
4,5947885.10452
5,5947885.10452
6,5947885.10452
7,5947885.10452
8,5947885.10452
