rgn_id,pressures.score
1,0.090813949070923
2,0.090813949070923
3,0.090813949070923
4,0.090813949070923
5,0.090813949070923
6,0.090813949070923
7,0.090813949070923
8,0.090813949070923
