rgn_id,score
1,0.893265478539335
2,0.893265478539335
3,0.893265478539335
4,0.893265478539335
5,0.893265478539335
6,0.893265478539335
7,0.893265478539335
8,0.893265478539335
