rgn_id,score
1,-0.276725653621206
2,-0.276725653621206
3,-0.276725653621206
4,-0.276725653621206
5,-0.276725653621206
6,-0.276725653621206
7,-0.276725653621206
8,-0.276725653621206
