rgn_id,score
1,94.82233009708739
2,90.0025
3,97.56958333333333
4,88.33500000000001
5,86.4811320754717
7,93.9375
8,96.3311004784689
9,95.55533333333334
