rgn_id,score
1,0.90262264879678
2,0.90262264879678
3,0.90262264879678
4,0.90262264879678
5,0.90262264879678
6,0.90262264879678
7,0.90262264879678
8,0.90262264879678
