rgn_id,iucn_score
1,0.31290322580645163
2,0.27692307692307694
3,0.32
4,0.31153846153846154
5,0.3087719298245614
6,0.2966666666666667
7,0.34285714285714286
8,0.34
