rgn_id,year,pressure_score
1,2016,0.3490000000000001
2,2016,0.3490000000000001
3,2016,0.3490000000000001
4,2016,0.3490000000000001
5,2016,0.3490000000000001
6,2016,0.3490000000000001
7,2016,0.3490000000000001
8,2016,0.3490000000000001
