rgn_id,year,pressure_score
1,2016,0.5522070248921667
2,2016,0.5522070248921667
3,2016,0.5522070248921667
4,2016,0.5522070248921667
5,2016,0.5522070248921667
7,2016,0.5522070248921667
8,2016,0.5522070248921667
9,2016,0.5522070248921667
