rgn_id,sustainable_ha
1,193.96875
2,193.96875
3,193.96875
4,193.96875
5,193.96875
6,193.96875
7,193.96875
8,193.96875
