rgn_id;years;ndvi;abg;bgb;tab;tcs;acs
7;2012;0.391075705;711.1004294;206.7800985;917.8805271;431.4038464;1583.252147
7;2013;0.658223401;53468.17254;11634.70443;65102.87695;30598.35208;112295.9544
7;2014;0.745697541;13650.97048;4644.267248;16502.73187;7756.283958;28465.56271
7;2015;0.694115522;11132.81746;2358.238373;13491.05582;6340.796213;21005.20447
7;2016;0.742944155;15386.88412;3211.492373;18598.3765;8741.236933;32080.34023
