rgn_id;years;ndvi;abg;bgb;tab;tcs;acs
9;2012;;4362.181116;1268.036941;5630.218045;2646.202471;9711.563257
9;2013;;105172.0279;25846.78879;144246.9827;67796.08168;248811.6249
9;2014;;95107.07518;21941.52416;115256.0935;54170.36378;198805.2392
9;2015;;80494.38074;17268.78709;97763.16783;45948.68875;106609.7641
9;2016;;115596.54;24538.45512;139986.7478;65793.7713;241463.1457
